name,image,video,project,link,path
deca building,https://drive.google.com/thumbnail?id=1fYqjzDdatzWHSTiNHYO6-SjDP-yUe2Fp&sz=w500,,cubao,https://drive.google.com/uc?export=download&id=1fYqjzDdatzWHSTiNHYO6-SjDP-yUe2Fp,img126
deca building,https://drive.google.com/thumbnail?id=1CSerG6n36r78ScmyMrxKs6w4mRXURLjY&sz=w500,,cubao,https://drive.google.com/uc?export=download&id=1CSerG6n36r78ScmyMrxKs6w4mRXURLjY,img127
deca logo,https://drive.google.com/thumbnail?id=1w9gLY3PMR93ucVXUQtr6BAwtBqYyKZYM&sz=w500,,cubao,https://drive.google.com/uc?export=download&id=1w9gLY3PMR93ucVXUQtr6BAwtBqYyKZYM,img234
deca building,https://drive.google.com/thumbnail?id=13bj1uwElzrO9LKVRHyWnDboR_YNpwDzD&sz=w500,,cubao,https://drive.google.com/uc?export=download&id=13bj1uwElzrO9LKVRHyWnDboR_YNpwDzD,img279
3rd-8th floor plan,https://drive.google.com/thumbnail?id=1rxSFX3ybAnC-kHtPdAcTHbXBrpJ4UWUJ&sz=w500,,cubao,https://drive.google.com/uc?export=download&id=1rxSFX3ybAnC-kHtPdAcTHbXBrpJ4UWUJ,img294
9th-45th floor plan,https://drive.google.com/thumbnail?id=1rTIUMI2mTmmmTxzKebaxUwvYifkPRMNf&sz=w500,,cubao,https://drive.google.com/uc?export=download&id=1rTIUMI2mTmmmTxzKebaxUwvYifkPRMNf,img298
parking,https://drive.google.com/thumbnail?id=1p9Jj9jCmwZ730EtCa4vyu9ldA6J8Ae-J&sz=w500,,cubao,https://drive.google.com/uc?export=download&id=1p9Jj9jCmwZ730EtCa4vyu9ldA6J8Ae-J,img302
parking,https://drive.google.com/thumbnail?id=1H0LY0bOum2bQoJn8clKBGwZeWj8vfpJU&sz=w500,,cubao,https://drive.google.com/uc?export=download&id=1H0LY0bOum2bQoJn8clKBGwZeWj8vfpJU,img303
ar blow-up single parking 3D view,https://drive.google.com/thumbnail?id=1Bx-whEWcOenIlgpwy3NkqmZuIHypmIuW&sz=w500,,cubao,https://drive.google.com/uc?export=download&id=1Bx-whEWcOenIlgpwy3NkqmZuIHypmIuW,img316
ar blow-up mechanized parking 3D view,https://drive.google.com/thumbnail?id=12xzIhwjl_K-1TrXXxpuvUAo_lkEfA7eI&sz=w500,,cubao,https://drive.google.com/uc?export=download&id=12xzIhwjl_K-1TrXXxpuvUAo_lkEfA7eI,img317
parking side elevation,https://drive.google.com/thumbnail?id=16Zmp9oMwRPWV1ITHc8T9WnWK37U5tMcc&sz=w500,,cubao,https://drive.google.com/uc?export=download&id=16Zmp9oMwRPWV1ITHc8T9WnWK37U5tMcc,img318
parking,https://drive.google.com/thumbnail?id=1xgSy7wG0C4ucdeUzHfnPjL1SXs6RT4lE&sz=w500,,cubao,https://drive.google.com/uc?export=download&id=1xgSy7wG0C4ucdeUzHfnPjL1SXs6RT4lE,img322
studio layout simple,https://drive.google.com/thumbnail?id=15X_FXmYbxXPI4hUACMKaAG77DnrRoBYZ&sz=w500,,cubao,https://drive.google.com/uc?export=download&id=15X_FXmYbxXPI4hUACMKaAG77DnrRoBYZ,img333
1br ceiling,https://drive.google.com/thumbnail?id=12U37UO0xBJfO76tl36KoYI3MGDj9kjhK&sz=w500,,cubao,https://drive.google.com/uc?export=download&id=12U37UO0xBJfO76tl36KoYI3MGDj9kjhK,img342
1br layout simple,https://drive.google.com/thumbnail?id=1X9rf_oZLKoAPeL9N8IxtAP86Ev4IJuaU&sz=w500,,cubao,https://drive.google.com/uc?export=download&id=1X9rf_oZLKoAPeL9N8IxtAP86Ev4IJuaU,img353
x,,,cubao,https://drive.google.com/uc?export=download&id=1RXguFqwiE4HtZDO15I6w5igU3MV5fdr2,img354
x,,,cubao,https://drive.google.com/uc?export=download&id=1RKGjHGwwZH3alpOFi3BYu1zYBZtsWsBo,img355
dressed up 1br,https://drive.google.com/thumbnail?id=1d_YYjCnuoaCc0fGEssRyz9-sBZqTyHu4&sz=w500,,cubao,https://drive.google.com/uc?export=download&id=1d_YYjCnuoaCc0fGEssRyz9-sBZqTyHu4,img359
dressed up 1br,https://drive.google.com/thumbnail?id=1pS79X-Eh9plyTURy7r_R-EjpC-ppwBlj&sz=w500,,cubao,https://drive.google.com/uc?export=download&id=1pS79X-Eh9plyTURy7r_R-EjpC-ppwBlj,img360
dressed up 1br,https://drive.google.com/thumbnail?id=15_stjOUx5_wdXRn__aKpoHuf7S2R8Uz0&sz=w500,,cubao,https://drive.google.com/uc?export=download&id=15_stjOUx5_wdXRn__aKpoHuf7S2R8Uz0,img361
dressed up 1br,https://drive.google.com/thumbnail?id=1b5h7gJh4guGJBN-pppNZtY86JX2cUNUV&sz=w500,,cubao,https://drive.google.com/uc?export=download&id=1b5h7gJh4guGJBN-pppNZtY86JX2cUNUV,img362
reservation flowchart,https://drive.google.com/thumbnail?id=1wDDAkMtCfMGbJVCMNMqW5-A1lhN-rA0L&sz=w500,,cubao,https://drive.google.com/uc?export=download&id=1wDDAkMtCfMGbJVCMNMqW5-A1lhN-rA0L,img408
1BR HIGH BDO,https://drive.google.com/thumbnail?id=1kD_rWZMJJPmX2hgL8MQ_oszeBXPV7uZn&sz=w500,,cubao,https://drive.google.com/uc?export=download&id=1kD_rWZMJJPmX2hgL8MQ_oszeBXPV7uZn,LATEST SAMPLE COMPUTATION BANK\BDO\1BR HIGH BDO
1BR LOW1 BDO,https://drive.google.com/thumbnail?id=1NTqTo-0ZWfS4SDDPqzd0JE4OE9EH9HbQ&sz=w500,,cubao,https://drive.google.com/uc?export=download&id=1NTqTo-0ZWfS4SDDPqzd0JE4OE9EH9HbQ,LATEST SAMPLE COMPUTATION BANK\BDO\1BR LOW1 BDO
1BR LOW2 BDO,https://drive.google.com/thumbnail?id=1Y8FNo63Y8v0OmuYOBgLEEz235xtrWZxh&sz=w500,,cubao,https://drive.google.com/uc?export=download&id=1Y8FNo63Y8v0OmuYOBgLEEz235xtrWZxh,LATEST SAMPLE COMPUTATION BANK\BDO\1BR LOW2 BDO
1BR MID1 BDO,https://drive.google.com/thumbnail?id=176Awe-j9uYHcdVzm64maVhpBu77cnS7T&sz=w500,,cubao,https://drive.google.com/uc?export=download&id=176Awe-j9uYHcdVzm64maVhpBu77cnS7T,LATEST SAMPLE COMPUTATION BANK\BDO\1BR MID1 BDO
1BR MID2 BDO,https://drive.google.com/thumbnail?id=1izPs5vZc7lRWG-KDMAS_E8V9vcWnmG1W&sz=w500,,cubao,https://drive.google.com/uc?export=download&id=1izPs5vZc7lRWG-KDMAS_E8V9vcWnmG1W,LATEST SAMPLE COMPUTATION BANK\BDO\1BR MID2 BDO
SC1214 HIGH BDO,https://drive.google.com/thumbnail?id=1u8MiIUYEu35r47-s8iYs1JY3z5YLtTaG&sz=w500,,cubao,https://drive.google.com/uc?export=download&id=1u8MiIUYEu35r47-s8iYs1JY3z5YLtTaG,LATEST SAMPLE COMPUTATION BANK\BDO\SC1214 HIGH BDO
SC1214 LOW1 BDO,https://drive.google.com/thumbnail?id=1NTM8rkC1pC8VDJow9zAQ7AVFlyccGfbt&sz=w500,,cubao,https://drive.google.com/uc?export=download&id=1NTM8rkC1pC8VDJow9zAQ7AVFlyccGfbt,LATEST SAMPLE COMPUTATION BANK\BDO\SC1214 LOW1 BDO
SC1214 LOW2 BDO,https://drive.google.com/thumbnail?id=1N0g0FD_tzVnLn3dbBt6bAetMs3cLSVdI&sz=w500,,cubao,https://drive.google.com/uc?export=download&id=1N0g0FD_tzVnLn3dbBt6bAetMs3cLSVdI,LATEST SAMPLE COMPUTATION BANK\BDO\SC1214 LOW2 BDO
SC1214 MID1 BDO,https://drive.google.com/thumbnail?id=1fMmTtG106iSUDnGuom2Je2H2k7hYmGLz&sz=w500,,cubao,https://drive.google.com/uc?export=download&id=1fMmTtG106iSUDnGuom2Je2H2k7hYmGLz,LATEST SAMPLE COMPUTATION BANK\BDO\SC1214 MID1 BDO
SC1214 MID2 BDO,https://drive.google.com/thumbnail?id=1C0GKsiZT3IJSZQeCZEkcChL8xiVJthlz&sz=w500,,cubao,https://drive.google.com/uc?export=download&id=1C0GKsiZT3IJSZQeCZEkcChL8xiVJthlz,LATEST SAMPLE COMPUTATION BANK\BDO\SC1214 MID2 BDO
SO1214 HIGH BDO,https://drive.google.com/thumbnail?id=1UlkzHTQOpP79352i2RlMFNK0dRyZ6Rhl&sz=w500,,cubao,https://drive.google.com/uc?export=download&id=1UlkzHTQOpP79352i2RlMFNK0dRyZ6Rhl,LATEST SAMPLE COMPUTATION BANK\BDO\SO1214 HIGH BDO
SO1214 LOW1 BDO,https://drive.google.com/thumbnail?id=1PG9tN_Xhor-fb7x30mBjBbGMGpy_YNc5&sz=w500,,cubao,https://drive.google.com/uc?export=download&id=1PG9tN_Xhor-fb7x30mBjBbGMGpy_YNc5,LATEST SAMPLE COMPUTATION BANK\BDO\SO1214 LOW1 BDO
SO1214 LOW2 BDO,https://drive.google.com/thumbnail?id=1beuK6oGOZBmuf-p-cW7pa627ZcJ350aC&sz=w500,,cubao,https://drive.google.com/uc?export=download&id=1beuK6oGOZBmuf-p-cW7pa627ZcJ350aC,LATEST SAMPLE COMPUTATION BANK\BDO\SO1214 LOW2 BDO
SO1214 MID1 BDO,https://drive.google.com/thumbnail?id=1JQLmx__rUB8DIPcRvvgGrRzz_nEFa6I6&sz=w500,,cubao,https://drive.google.com/uc?export=download&id=1JQLmx__rUB8DIPcRvvgGrRzz_nEFa6I6,LATEST SAMPLE COMPUTATION BANK\BDO\SO1214 MID1 BDO
SO1214 MID2 BDO,https://drive.google.com/thumbnail?id=1H9u7RQOtyrkIAiRT8OmgQm0CKjNFH3S6&sz=w500,,cubao,https://drive.google.com/uc?export=download&id=1H9u7RQOtyrkIAiRT8OmgQm0CKjNFH3S6,LATEST SAMPLE COMPUTATION BANK\BDO\SO1214 MID2 BDO
1BR HIGH BPI,https://drive.google.com/thumbnail?id=1NOzVpjZQ46--I2dutYqFztmyFJoysxeB&sz=w500,,cubao,https://drive.google.com/uc?export=download&id=1NOzVpjZQ46--I2dutYqFztmyFJoysxeB,LATEST SAMPLE COMPUTATION BANK\BPI\1BR HIGH BPI
1BR LOW1 BPI,https://drive.google.com/thumbnail?id=1PGgWqCYaMMFmtWTHlwq3p_BSSrTyjl6G&sz=w500,,cubao,https://drive.google.com/uc?export=download&id=1PGgWqCYaMMFmtWTHlwq3p_BSSrTyjl6G,LATEST SAMPLE COMPUTATION BANK\BPI\1BR LOW1 BPI
1BR LOW2 BPI,https://drive.google.com/thumbnail?id=1bxiAKDY-IE38RBDPZcwq7kbYIbN-GK7z&sz=w500,,cubao,https://drive.google.com/uc?export=download&id=1bxiAKDY-IE38RBDPZcwq7kbYIbN-GK7z,LATEST SAMPLE COMPUTATION BANK\BPI\1BR LOW2 BPI
1BR MID1 BPI,https://drive.google.com/thumbnail?id=1qjYTMwwWOuY_G4P-NZPeBf-5LBDzK2Lp&sz=w500,,cubao,https://drive.google.com/uc?export=download&id=1qjYTMwwWOuY_G4P-NZPeBf-5LBDzK2Lp,LATEST SAMPLE COMPUTATION BANK\BPI\1BR MID1 BPI
1BR MID2 BPI,https://drive.google.com/thumbnail?id=1p6u55Fv-bVsGSmSs_IcRuZeI-nXYpzd0&sz=w500,,cubao,https://drive.google.com/uc?export=download&id=1p6u55Fv-bVsGSmSs_IcRuZeI-nXYpzd0,LATEST SAMPLE COMPUTATION BANK\BPI\1BR MID2 BPI
SC1214 HIGH BPI,https://drive.google.com/thumbnail?id=1O7fCVE-1HH1WdkJDGU1zbiqVkiAXvJMC&sz=w500,,cubao,https://drive.google.com/uc?export=download&id=1O7fCVE-1HH1WdkJDGU1zbiqVkiAXvJMC,LATEST SAMPLE COMPUTATION BANK\BPI\SC1214 HIGH BPI
SC1214 LOW1 BPI,https://drive.google.com/thumbnail?id=1fjR13kBDZ8V85s_oGJRWC-ezh8HQKE7U&sz=w500,,cubao,https://drive.google.com/uc?export=download&id=1fjR13kBDZ8V85s_oGJRWC-ezh8HQKE7U,LATEST SAMPLE COMPUTATION BANK\BPI\SC1214 LOW1 BPI
SC1214 LOW2 BPI,https://drive.google.com/thumbnail?id=1ReWc1ARSJAP7wGV9PLwFz_5kX1wSg3ZH&sz=w500,,cubao,https://drive.google.com/uc?export=download&id=1ReWc1ARSJAP7wGV9PLwFz_5kX1wSg3ZH,LATEST SAMPLE COMPUTATION BANK\BPI\SC1214 LOW2 BPI
SC1214 MID1 BPI,https://drive.google.com/thumbnail?id=1IHP8KruQqoWJ0OzbD9XaElowGllwcYSQ&sz=w500,,cubao,https://drive.google.com/uc?export=download&id=1IHP8KruQqoWJ0OzbD9XaElowGllwcYSQ,LATEST SAMPLE COMPUTATION BANK\BPI\SC1214 MID1 BPI
SC1214 MID2 BPI,https://drive.google.com/thumbnail?id=1ZgnsBKAHEnKUoFL-iHZVndW32l5WyLvR&sz=w500,,cubao,https://drive.google.com/uc?export=download&id=1ZgnsBKAHEnKUoFL-iHZVndW32l5WyLvR,LATEST SAMPLE COMPUTATION BANK\BPI\SC1214 MID2 BPI
SO1214 HIGH BPI,https://drive.google.com/thumbnail?id=1cdxVECsE2rb7thHYwyDrRElSgABV6hs9&sz=w500,,cubao,https://drive.google.com/uc?export=download&id=1cdxVECsE2rb7thHYwyDrRElSgABV6hs9,LATEST SAMPLE COMPUTATION BANK\BPI\SO1214 HIGH BPI
SO1214 LOW1 BPI,https://drive.google.com/thumbnail?id=12REKi35qbqIZZDUlH_qFcvVmGRTdCw8D&sz=w500,,cubao,https://drive.google.com/uc?export=download&id=12REKi35qbqIZZDUlH_qFcvVmGRTdCw8D,LATEST SAMPLE COMPUTATION BANK\BPI\SO1214 LOW1 BPI
SO1214 LOW2 BPI,https://drive.google.com/thumbnail?id=1AQTEO-2B9cKzKPBURUXemp6vkhPo-1uL&sz=w500,,cubao,https://drive.google.com/uc?export=download&id=1AQTEO-2B9cKzKPBURUXemp6vkhPo-1uL,LATEST SAMPLE COMPUTATION BANK\BPI\SO1214 LOW2 BPI
SO1214 MID1 BPI,https://drive.google.com/thumbnail?id=1Et05a9h1rYAw1xEtc6UhH4qi2KZIwxuk&sz=w500,,cubao,https://drive.google.com/uc?export=download&id=1Et05a9h1rYAw1xEtc6UhH4qi2KZIwxuk,LATEST SAMPLE COMPUTATION BANK\BPI\SO1214 MID1 BPI
SO1214 MID2 BPI,https://drive.google.com/thumbnail?id=1LTTVUpPmdsyPYCDRpdOel5bHjexoa4tt&sz=w500,,cubao,https://drive.google.com/uc?export=download&id=1LTTVUpPmdsyPYCDRpdOel5bHjexoa4tt,LATEST SAMPLE COMPUTATION BANK\BPI\SO1214 MID2 BPI
1BR HIGH CHINABANK,https://drive.google.com/thumbnail?id=13kJf4Up-GUVZs3pCCOrYoPTh27_K9gmT&sz=w500,,cubao,https://drive.google.com/uc?export=download&id=13kJf4Up-GUVZs3pCCOrYoPTh27_K9gmT,LATEST SAMPLE COMPUTATION BANK\CHINABANK\1BR HIGH CHINABANK
1BR LOW1 CHINABANK,https://drive.google.com/thumbnail?id=16KY3Yv_gIcuWEuqXmPCAn1OpmPdpJJ7j&sz=w500,,cubao,https://drive.google.com/uc?export=download&id=16KY3Yv_gIcuWEuqXmPCAn1OpmPdpJJ7j,LATEST SAMPLE COMPUTATION BANK\CHINABANK\1BR LOW1 CHINABANK
1BR LOW2 CHINABANK,https://drive.google.com/thumbnail?id=1wIakYGcAwKAnrKoIVsJtzoJa8BjlSJG9&sz=w500,,cubao,https://drive.google.com/uc?export=download&id=1wIakYGcAwKAnrKoIVsJtzoJa8BjlSJG9,LATEST SAMPLE COMPUTATION BANK\CHINABANK\1BR LOW2 CHINABANK
1BR MID1 CHINABANK,https://drive.google.com/thumbnail?id=1e-7XV4MlWiTN_h5N-qEg1IEfstU3AvBZ&sz=w500,,cubao,https://drive.google.com/uc?export=download&id=1e-7XV4MlWiTN_h5N-qEg1IEfstU3AvBZ,LATEST SAMPLE COMPUTATION BANK\CHINABANK\1BR MID1 CHINABANK
1BR MID2 CHINABANK,https://drive.google.com/thumbnail?id=1avlv0GQ-p_aApz71t85VvkMMyaaOolKG&sz=w500,,cubao,https://drive.google.com/uc?export=download&id=1avlv0GQ-p_aApz71t85VvkMMyaaOolKG,LATEST SAMPLE COMPUTATION BANK\CHINABANK\1BR MID2 CHINABANK
SC1214 HIGH CHINABANK,https://drive.google.com/thumbnail?id=1qRuBvYBwTR-O-ltUu2HyaYG3h-ph8wLm&sz=w500,,cubao,https://drive.google.com/uc?export=download&id=1qRuBvYBwTR-O-ltUu2HyaYG3h-ph8wLm,LATEST SAMPLE COMPUTATION BANK\CHINABANK\SC1214 HIGH CHINABANK
SC1214 LOW1 CHINABANK,https://drive.google.com/thumbnail?id=1hI0SwPwtj7HKqSjab96guiQxgslH9QjA&sz=w500,,cubao,https://drive.google.com/uc?export=download&id=1hI0SwPwtj7HKqSjab96guiQxgslH9QjA,LATEST SAMPLE COMPUTATION BANK\CHINABANK\SC1214 LOW1 CHINABANK
SC1214 LOW2 CHINABANK,https://drive.google.com/thumbnail?id=1gAvz0Z9ESq8uJrs16IUC8sEA3w5QQNvd&sz=w500,,cubao,https://drive.google.com/uc?export=download&id=1gAvz0Z9ESq8uJrs16IUC8sEA3w5QQNvd,LATEST SAMPLE COMPUTATION BANK\CHINABANK\SC1214 LOW2 CHINABANK
SC1214 MID1 CHINABANK,https://drive.google.com/thumbnail?id=1BvICvZAJhrKZ8HCQ9GF6URH2GRMFIy2t&sz=w500,,cubao,https://drive.google.com/uc?export=download&id=1BvICvZAJhrKZ8HCQ9GF6URH2GRMFIy2t,LATEST SAMPLE COMPUTATION BANK\CHINABANK\SC1214 MID1 CHINABANK
SC1214 MID2 CHINABANK,https://drive.google.com/thumbnail?id=1Epcn62h-7cPQ8OIP4j-v_dJA3hu5mKRn&sz=w500,,cubao,https://drive.google.com/uc?export=download&id=1Epcn62h-7cPQ8OIP4j-v_dJA3hu5mKRn,LATEST SAMPLE COMPUTATION BANK\CHINABANK\SC1214 MID2 CHINABANK
SO1214 HIGH CHINABANK,https://drive.google.com/thumbnail?id=1Pagzz6vBC_eRgv5cYijwV3LNlMXmoucz&sz=w500,,cubao,https://drive.google.com/uc?export=download&id=1Pagzz6vBC_eRgv5cYijwV3LNlMXmoucz,LATEST SAMPLE COMPUTATION BANK\CHINABANK\SO1214 HIGH CHINABANK
SO1214 LOW1 CHINABANK,https://drive.google.com/thumbnail?id=1bUJkuo8-G9u2-F6lqq5osTWRxplqCULI&sz=w500,,cubao,https://drive.google.com/uc?export=download&id=1bUJkuo8-G9u2-F6lqq5osTWRxplqCULI,LATEST SAMPLE COMPUTATION BANK\CHINABANK\SO1214 LOW1 CHINABANK
SO1214 LOW2 CHINABANK,https://drive.google.com/thumbnail?id=1Wv9bsbq4AeQlLo0yq5O83tM1xFrXDu-S&sz=w500,,cubao,https://drive.google.com/uc?export=download&id=1Wv9bsbq4AeQlLo0yq5O83tM1xFrXDu-S,LATEST SAMPLE COMPUTATION BANK\CHINABANK\SO1214 LOW2 CHINABANK
SO1214 MID1 CHINABANK,https://drive.google.com/thumbnail?id=1zZgthd6m8oJm1nbHVLsRoOqw2_nc6GIa&sz=w500,,cubao,https://drive.google.com/uc?export=download&id=1zZgthd6m8oJm1nbHVLsRoOqw2_nc6GIa,LATEST SAMPLE COMPUTATION BANK\CHINABANK\SO1214 MID1 CHINABANK
SO1214 MID2 CHINABANK,https://drive.google.com/thumbnail?id=1MFOXxJ5DaMFPSasWC9EmY_4TXjH5XgSl&sz=w500,,cubao,https://drive.google.com/uc?export=download&id=1MFOXxJ5DaMFPSasWC9EmY_4TXjH5XgSl,LATEST SAMPLE COMPUTATION BANK\CHINABANK\SO1214 MID2 CHINABANK
1BR HIGH RCBC,https://drive.google.com/thumbnail?id=176xQnq5Z93KoWef0oftLOwDYDImA-e9R&sz=w500,,cubao,https://drive.google.com/uc?export=download&id=176xQnq5Z93KoWef0oftLOwDYDImA-e9R,LATEST SAMPLE COMPUTATION BANK\RCBC\1BR HIGH RCBC
1BR LOW1 RCBC,https://drive.google.com/thumbnail?id=1AzwQzBOm6yeeE-xX-tnqwbZBQd2U_5ip&sz=w500,,cubao,https://drive.google.com/uc?export=download&id=1AzwQzBOm6yeeE-xX-tnqwbZBQd2U_5ip,LATEST SAMPLE COMPUTATION BANK\RCBC\1BR LOW1 RCBC
1BR LOW2 RCBC,https://drive.google.com/thumbnail?id=1kdGDMcCYQZstz5IOAw0zlxm9gY8CAKNl&sz=w500,,cubao,https://drive.google.com/uc?export=download&id=1kdGDMcCYQZstz5IOAw0zlxm9gY8CAKNl,LATEST SAMPLE COMPUTATION BANK\RCBC\1BR LOW2 RCBC
1BR MID1 RCBC,https://drive.google.com/thumbnail?id=1bNJyxbRdjdUziWrNq0-6ACdAXAZm8F0t&sz=w500,,cubao,https://drive.google.com/uc?export=download&id=1bNJyxbRdjdUziWrNq0-6ACdAXAZm8F0t,LATEST SAMPLE COMPUTATION BANK\RCBC\1BR MID1 RCBC
1BR MID2 RCBC,https://drive.google.com/thumbnail?id=1eQOl4AYml8gK0iyWVjpmHQfT3BR8RTIf&sz=w500,,cubao,https://drive.google.com/uc?export=download&id=1eQOl4AYml8gK0iyWVjpmHQfT3BR8RTIf,LATEST SAMPLE COMPUTATION BANK\RCBC\1BR MID2 RCBC
SC1214 HIGH RCBC,https://drive.google.com/thumbnail?id=1DJHqY83ziYJY-nwJpd2rIHHQsHSok1no&sz=w500,,cubao,https://drive.google.com/uc?export=download&id=1DJHqY83ziYJY-nwJpd2rIHHQsHSok1no,LATEST SAMPLE COMPUTATION BANK\RCBC\SC1214 HIGH RCBC
SC1214 LOW1 RCBC,https://drive.google.com/thumbnail?id=1N5HOajI6Y7GPrDcosSM_ZzRl4ZoyEiWJ&sz=w500,,cubao,https://drive.google.com/uc?export=download&id=1N5HOajI6Y7GPrDcosSM_ZzRl4ZoyEiWJ,LATEST SAMPLE COMPUTATION BANK\RCBC\SC1214 LOW1 RCBC
SC1214 LOW2 RCBC,https://drive.google.com/thumbnail?id=12KUM-AoGbuT1PqXRk5OLz35HgBhiLeJA&sz=w500,,cubao,https://drive.google.com/uc?export=download&id=12KUM-AoGbuT1PqXRk5OLz35HgBhiLeJA,LATEST SAMPLE COMPUTATION BANK\RCBC\SC1214 LOW2 RCBC
SC1214 MID1 RCBC,https://drive.google.com/thumbnail?id=1d9fivVdjETHHmPcq9QaZ6ci2oxRRMUSR&sz=w500,,cubao,https://drive.google.com/uc?export=download&id=1d9fivVdjETHHmPcq9QaZ6ci2oxRRMUSR,LATEST SAMPLE COMPUTATION BANK\RCBC\SC1214 MID1 RCBC
SC1214 MID2 RCBC,https://drive.google.com/thumbnail?id=1cSVBdOkrF-MXGjxrhimi5lEDGLO89BaM&sz=w500,,cubao,https://drive.google.com/uc?export=download&id=1cSVBdOkrF-MXGjxrhimi5lEDGLO89BaM,LATEST SAMPLE COMPUTATION BANK\RCBC\SC1214 MID2 RCBC
SO1214 HIGH RCBC,https://drive.google.com/thumbnail?id=1laddcV3A09c3pmVROimCHjTTOUQVs2s8&sz=w500,,cubao,https://drive.google.com/uc?export=download&id=1laddcV3A09c3pmVROimCHjTTOUQVs2s8,LATEST SAMPLE COMPUTATION BANK\RCBC\SO1214 HIGH RCBC
SO1214 LOW1 RCBC,https://drive.google.com/thumbnail?id=1BSqWu2uNqQEdeTKvWTLOorL47q5io7ft&sz=w500,,cubao,https://drive.google.com/uc?export=download&id=1BSqWu2uNqQEdeTKvWTLOorL47q5io7ft,LATEST SAMPLE COMPUTATION BANK\RCBC\SO1214 LOW1 RCBC
SO1214 LOW2 RCBC,https://drive.google.com/thumbnail?id=1VP983PT-GcxgYEPAJZcWnmI4f1Hl24Bt&sz=w500,,cubao,https://drive.google.com/uc?export=download&id=1VP983PT-GcxgYEPAJZcWnmI4f1Hl24Bt,LATEST SAMPLE COMPUTATION BANK\RCBC\SO1214 LOW2 RCBC
SO1214 MID1 RCBC,https://drive.google.com/thumbnail?id=149gd9s5kggBJLJJ6dNIsZ-eVj82j16jx&sz=w500,,cubao,https://drive.google.com/uc?export=download&id=149gd9s5kggBJLJJ6dNIsZ-eVj82j16jx,LATEST SAMPLE COMPUTATION BANK\RCBC\SO1214 MID1 RCBC
SO1214 MID2 RCBC,https://drive.google.com/thumbnail?id=1t_6ZwUMfERMoSMghH5KjTJjobb-BMy8U&sz=w500,,cubao,https://drive.google.com/uc?export=download&id=1t_6ZwUMfERMoSMghH5KjTJjobb-BMy8U,LATEST SAMPLE COMPUTATION BANK\RCBC\SO1214 MID2 RCBC
1BR HIGH Pag-IBIG,https://drive.google.com/thumbnail?id=13GEiA0NQvQAP23iWGpG3i0XGnq7Ipm-6&sz=w500,,cubao,https://drive.google.com/uc?export=download&id=13GEiA0NQvQAP23iWGpG3i0XGnq7Ipm-6,LATEST SAMPLE COMPUTATION HDMF\1BR HIGH Pag-IBIG
1BR LOW1 Pag-IBIG,https://drive.google.com/thumbnail?id=15DwXUZdzvzrJ2qMErYNKteSfkMBwW2J8&sz=w500,,cubao,https://drive.google.com/uc?export=download&id=15DwXUZdzvzrJ2qMErYNKteSfkMBwW2J8,LATEST SAMPLE COMPUTATION HDMF\1BR LOW1 Pag-IBIG
1BR LOW2 Pag-IBIG,https://drive.google.com/thumbnail?id=1t_8U6KDUMXS6KuD-cGc-JKyv8s_QKa_2&sz=w500,,cubao,https://drive.google.com/uc?export=download&id=1t_8U6KDUMXS6KuD-cGc-JKyv8s_QKa_2,LATEST SAMPLE COMPUTATION HDMF\1BR LOW2 Pag-IBIG
1BR MID1 Pag-IBIG,https://drive.google.com/thumbnail?id=1CdBd-ETvk3zx1r8fk-_ofSLYmmhUfWVA&sz=w500,,cubao,https://drive.google.com/uc?export=download&id=1CdBd-ETvk3zx1r8fk-_ofSLYmmhUfWVA,LATEST SAMPLE COMPUTATION HDMF\1BR MID1 Pag-IBIG
1BR MID2 Pag-IBIG,https://drive.google.com/thumbnail?id=1msJZkVUinLMiWydMQhH8ojU4ckU449sF&sz=w500,,cubao,https://drive.google.com/uc?export=download&id=1msJZkVUinLMiWydMQhH8ojU4ckU449sF,LATEST SAMPLE COMPUTATION HDMF\1BR MID2 Pag-IBIG
SC1214 HIGH Pag-IBIG,https://drive.google.com/thumbnail?id=1ntyeWsCVxyMJNF3tViJtAXxwqYFUqx-Y&sz=w500,,cubao,https://drive.google.com/uc?export=download&id=1ntyeWsCVxyMJNF3tViJtAXxwqYFUqx-Y,LATEST SAMPLE COMPUTATION HDMF\SC1214 HIGH Pag-IBIG
SC1214 LOW1 Pag-IBIG,https://drive.google.com/thumbnail?id=1xmZvXMLbG0ntvJW3Am693HVuviqDJgct&sz=w500,,cubao,https://drive.google.com/uc?export=download&id=1xmZvXMLbG0ntvJW3Am693HVuviqDJgct,LATEST SAMPLE COMPUTATION HDMF\SC1214 LOW1 Pag-IBIG
SC1214 LOW2 Pag-IBIG,https://drive.google.com/thumbnail?id=1uYSOT6SGwgFc8SjLIFvfXofzyIJp6sfc&sz=w500,,cubao,https://drive.google.com/uc?export=download&id=1uYSOT6SGwgFc8SjLIFvfXofzyIJp6sfc,LATEST SAMPLE COMPUTATION HDMF\SC1214 LOW2 Pag-IBIG
SC1214 MID1 Pag-IBIG,https://drive.google.com/thumbnail?id=1Co8C4gSEtSSKMRV7t7CaV_ER80rIRBxN&sz=w500,,cubao,https://drive.google.com/uc?export=download&id=1Co8C4gSEtSSKMRV7t7CaV_ER80rIRBxN,LATEST SAMPLE COMPUTATION HDMF\SC1214 MID1 Pag-IBIG
SC1214 MID2 Pag-IBIG,https://drive.google.com/thumbnail?id=1wsduIu2AOGifSVcln92MiWQoDBngk5Il&sz=w500,,cubao,https://drive.google.com/uc?export=download&id=1wsduIu2AOGifSVcln92MiWQoDBngk5Il,LATEST SAMPLE COMPUTATION HDMF\SC1214 MID2 Pag-IBIG
SO1214 HIGH Pag-IBIG,https://drive.google.com/thumbnail?id=1YFPxGXEiK64itPEMqhGJ_B16jJuSWG-3&sz=w500,,cubao,https://drive.google.com/uc?export=download&id=1YFPxGXEiK64itPEMqhGJ_B16jJuSWG-3,LATEST SAMPLE COMPUTATION HDMF\SO1214 HIGH Pag-IBIG
SO1214 LOW1 Pag-IBIG,https://drive.google.com/thumbnail?id=1NQPB0STq6aSN_up46qVby4dL6cPwAK_Y&sz=w500,,cubao,https://drive.google.com/uc?export=download&id=1NQPB0STq6aSN_up46qVby4dL6cPwAK_Y,LATEST SAMPLE COMPUTATION HDMF\SO1214 LOW1 Pag-IBIG
SO1214 LOW2 Pag-IBIG,https://drive.google.com/thumbnail?id=109mb9fAOqq9-FwFogWkk6e8T89j7uFHd&sz=w500,,cubao,https://drive.google.com/uc?export=download&id=109mb9fAOqq9-FwFogWkk6e8T89j7uFHd,LATEST SAMPLE COMPUTATION HDMF\SO1214 LOW2 Pag-IBIG
SO1214 MID1 Pag-IBIG,https://drive.google.com/thumbnail?id=1NCfYKiSy38lg2b1cif6LlibzBsb1maKb&sz=w500,,cubao,https://drive.google.com/uc?export=download&id=1NCfYKiSy38lg2b1cif6LlibzBsb1maKb,LATEST SAMPLE COMPUTATION HDMF\SO1214 MID1 Pag-IBIG
SO1214 MID2 Pag-IBIG,https://drive.google.com/thumbnail?id=1fnMp-Kc_WtD0-boK3RJxxMgzOw3kGhhU&sz=w500,,cubao,https://drive.google.com/uc?export=download&id=1fnMp-Kc_WtD0-boK3RJxxMgzOw3kGhhU,LATEST SAMPLE COMPUTATION HDMF\SO1214 MID2 Pag-IBIG
3rd and 5th Floor Parking Sample Computation_,https://drive.google.com/thumbnail?id=1wiN5Ay4GJRi5qv5mmUvtdg_17cFb6wkp&sz=w500,,cubao,https://drive.google.com/uc?export=download&id=1wiN5Ay4GJRi5qv5mmUvtdg_17cFb6wkp,Parking Sample Computation\3rd and 5th Floor Parking Sample Computation_
6th and 8th Floor Parking Sample Computation_,https://drive.google.com/thumbnail?id=15-I3lx06eFXaE3NWX3Y771U1tFLZVk9d&sz=w500,,cubao,https://drive.google.com/uc?export=download&id=15-I3lx06eFXaE3NWX3Y771U1tFLZVk9d,Parking Sample Computation\6th and 8th Floor Parking Sample Computation_
Building view (Night).mp4,#N/A,https://drive.google.com/uc?export=download&id=17-BuFzU9tqGhTYloBe1w59ySiEquVvgL,cubao,,Project Photo & Video\Building view (Night).mp4
URBAN DECA TOWERS CUBAO TOUR.mp4,#N/A,https://drive.google.com/uc?export=download&id=1Uv6-wJ4kVYvylcNqmJRRsGN43bgz7yE5,cubao,,Project Photo & Video\URBAN DECA TOWERS CUBAO TOUR.mp4
One Bedroom 0,https://drive.google.com/thumbnail?id=1MnCcCWoFCa7yhnGGGd48dO3zN6xpxnUH&sz=w500,,cubao,https://drive.google.com/uc?export=download&id=1MnCcCWoFCa7yhnGGGd48dO3zN6xpxnUH,Project Photo & Video\ONE BEDROOM (DRESSED UP)\One Bedroom 0
One Bedroom 1,https://drive.google.com/thumbnail?id=1jFYDh9fKuMEhnB4dC4KOXZqaabKRs4IF&sz=w500,,cubao,https://drive.google.com/uc?export=download&id=1jFYDh9fKuMEhnB4dC4KOXZqaabKRs4IF,Project Photo & Video\ONE BEDROOM (DRESSED UP)\One Bedroom 1
One Bedroom 2,https://drive.google.com/thumbnail?id=1KuDy2gNndrkDoVYVy0-YbZoF8-r0jS7Y&sz=w500,,cubao,https://drive.google.com/uc?export=download&id=1KuDy2gNndrkDoVYVy0-YbZoF8-r0jS7Y,Project Photo & Video\ONE BEDROOM (DRESSED UP)\One Bedroom 2
One Bedroom 3,https://drive.google.com/thumbnail?id=1LXKrwU7yqpqfjYK9b-xeVg79QlFgaCKZ&sz=w500,,cubao,https://drive.google.com/uc?export=download&id=1LXKrwU7yqpqfjYK9b-xeVg79QlFgaCKZ,Project Photo & Video\ONE BEDROOM (DRESSED UP)\One Bedroom 3
One Bedroom 4,https://drive.google.com/thumbnail?id=11Vl_1c0sA3oEnvKc9d-45a6CSXFzGhYl&sz=w500,,cubao,https://drive.google.com/uc?export=download&id=11Vl_1c0sA3oEnvKc9d-45a6CSXFzGhYl,Project Photo & Video\ONE BEDROOM (DRESSED UP)\One Bedroom 4
One Bedroom 5,https://drive.google.com/thumbnail?id=1qomLWuV5DCFjbNAbX7UlKRNu5y8XcaDk&sz=w500,,cubao,https://drive.google.com/uc?export=download&id=1qomLWuV5DCFjbNAbX7UlKRNu5y8XcaDk,Project Photo & Video\ONE BEDROOM (DRESSED UP)\One Bedroom 5
One Bedroom 6,https://drive.google.com/thumbnail?id=1Sq5fhnHR_tI2EdJhV5CKO7fwUbTri_yA&sz=w500,,cubao,https://drive.google.com/uc?export=download&id=1Sq5fhnHR_tI2EdJhV5CKO7fwUbTri_yA,Project Photo & Video\ONE BEDROOM (DRESSED UP)\One Bedroom 6
One Bedroom 7,https://drive.google.com/thumbnail?id=1en-u8lKGNRSOd7MZEAVwq8TCmcD0gGky&sz=w500,,cubao,https://drive.google.com/uc?export=download&id=1en-u8lKGNRSOd7MZEAVwq8TCmcD0gGky,Project Photo & Video\ONE BEDROOM (DRESSED UP)\One Bedroom 7
Studio 0,https://drive.google.com/thumbnail?id=1gNKcmESVkSd_mqRCRxJIJzLad1wuXA-i&sz=w500,,cubao,https://drive.google.com/uc?export=download&id=1gNKcmESVkSd_mqRCRxJIJzLad1wuXA-i,Project Photo & Video\STUDIO (DRESSED UP)\Studio 0
Studio 1,https://drive.google.com/thumbnail?id=1TFOn6VcJ_ajUXFJZ11m8-SGKAfLM12MK&sz=w500,,cubao,https://drive.google.com/uc?export=download&id=1TFOn6VcJ_ajUXFJZ11m8-SGKAfLM12MK,Project Photo & Video\STUDIO (DRESSED UP)\Studio 1
Studio 2,https://drive.google.com/thumbnail?id=1qANxYfDPSDiOfc34iVltSUxM59wqgVC0&sz=w500,,cubao,https://drive.google.com/uc?export=download&id=1qANxYfDPSDiOfc34iVltSUxM59wqgVC0,Project Photo & Video\STUDIO (DRESSED UP)\Studio 2
Studio 3,https://drive.google.com/thumbnail?id=13-zaADIEabKs7wPMpOxPakqlmajpajRc&sz=w500,,cubao,https://drive.google.com/uc?export=download&id=13-zaADIEabKs7wPMpOxPakqlmajpajRc,Project Photo & Video\STUDIO (DRESSED UP)\Studio 3
Studio 4,https://drive.google.com/thumbnail?id=19BoT_iKw0UKSF6HeIYPHmTgB47XH-Nb-&sz=w500,,cubao,https://drive.google.com/uc?export=download&id=19BoT_iKw0UKSF6HeIYPHmTgB47XH-Nb-,Project Photo & Video\STUDIO (DRESSED UP)\Studio 4
business banks,https://drive.google.com/thumbnail?id=1gtfBU1kYdvo2pvvFG_JgLmev1uOKshNF&sz=w500,,cubao,https://drive.google.com/uc?export=download&id=1gtfBU1kYdvo2pvvFG_JgLmev1uOKshNF,REQUIREMENTS\BANKS\business banks
locally banks,https://drive.google.com/thumbnail?id=1PMtV4JzClrY3oRSew5R5Y596E7foa3_m&sz=w500,,cubao,https://drive.google.com/uc?export=download&id=1PMtV4JzClrY3oRSew5R5Y596E7foa3_m,REQUIREMENTS\BANKS\locally banks
ofw banks,https://drive.google.com/thumbnail?id=1o8IO8zWt8mp7ii6J3Ojk5Ji-g0hnql-i&sz=w500,,cubao,https://drive.google.com/uc?export=download&id=1o8IO8zWt8mp7ii6J3Ojk5Ji-g0hnql-i,REQUIREMENTS\BANKS\ofw banks
self employed banks,https://drive.google.com/thumbnail?id=1XAqPyrPa7_3aiTEFBpBNyr8kt5ydVtJb&sz=w500,,cubao,https://drive.google.com/uc?export=download&id=1XAqPyrPa7_3aiTEFBpBNyr8kt5ydVtJb,REQUIREMENTS\BANKS\self employed banks
business hdmf,https://drive.google.com/thumbnail?id=1ic2yLSb6Hk5rR5HRlbR4VlH__bHsIeSR&sz=w500,,cubao,https://drive.google.com/uc?export=download&id=1ic2yLSb6Hk5rR5HRlbR4VlH__bHsIeSR,REQUIREMENTS\HDMF\business hdmf
locally hdmf,https://drive.google.com/thumbnail?id=1p0CP5xOtljrwkp_26wU4m3YnfsKi6g47&sz=w500,,cubao,https://drive.google.com/uc?export=download&id=1p0CP5xOtljrwkp_26wU4m3YnfsKi6g47,REQUIREMENTS\HDMF\locally hdmf
OFW hdmf,https://drive.google.com/thumbnail?id=150y_3aWKCqvlmls-Oni2cPSjgHeP2O9S&sz=w500,,cubao,https://drive.google.com/uc?export=download&id=150y_3aWKCqvlmls-Oni2cPSjgHeP2O9S,REQUIREMENTS\HDMF\OFW hdmf
self employed VA hdmf,https://drive.google.com/thumbnail?id=11vjeVvp4CljritcaDaD_YOH1sY5_IvtZ&sz=w500,,cubao,https://drive.google.com/uc?export=download&id=11vjeVvp4CljritcaDaD_YOH1sY5_IvtZ,REQUIREMENTS\HDMF\self employed VA hdmf
3rd Floor Parking,https://drive.google.com/thumbnail?id=13Jn4n-WQFig2jzCH3Mras8CxajzZ7fJ0&sz=w500,,cubao,https://drive.google.com/uc?export=download&id=13Jn4n-WQFig2jzCH3Mras8CxajzZ7fJ0,Site Development Plan & Floor Plan\Building Floor Plan\Parking Floor Plan\3rd Floor Parking
5th Floor Parking,https://drive.google.com/thumbnail?id=1gxbCGQUxsRbNh-8SKyWMP95h9frSmhhz&sz=w500,,cubao,https://drive.google.com/uc?export=download&id=1gxbCGQUxsRbNh-8SKyWMP95h9frSmhhz,Site Development Plan & Floor Plan\Building Floor Plan\Parking Floor Plan\5th Floor Parking
6th Floor Parking,https://drive.google.com/thumbnail?id=1gXeaNckrfXADH9EAnuKhRsxyRV5FS7mi&sz=w500,,cubao,https://drive.google.com/uc?export=download&id=1gXeaNckrfXADH9EAnuKhRsxyRV5FS7mi,Site Development Plan & Floor Plan\Building Floor Plan\Parking Floor Plan\6th Floor Parking
8th Floor Parking,https://drive.google.com/thumbnail?id=1DRjaPLSkXfeWbmPajpI2rk_tBMmG3T7-&sz=w500,,cubao,https://drive.google.com/uc?export=download&id=1DRjaPLSkXfeWbmPajpI2rk_tBMmG3T7-,Site Development Plan & Floor Plan\Building Floor Plan\Parking Floor Plan\8th Floor Parking
Mechanized Parking,https://drive.google.com/thumbnail?id=1WtxEA49lETmi18oj1wgq7KDOPH8VNBDt&sz=w500,,cubao,https://drive.google.com/uc?export=download&id=1WtxEA49lETmi18oj1wgq7KDOPH8VNBDt,Site Development Plan & Floor Plan\Building Floor Plan\Parking Floor Plan\Mechanized Parking
Parking,https://drive.google.com/thumbnail?id=1wpsOfjX0HQ9nVuZeaSnQ28qd4hxTGZhS&sz=w500,,cubao,https://drive.google.com/uc?export=download&id=1wpsOfjX0HQ9nVuZeaSnQ28qd4hxTGZhS,Site Development Plan & Floor Plan\Building Floor Plan\Parking Floor Plan\Parking
3rd-8th Floor Combine Unit,https://drive.google.com/thumbnail?id=1Y6hn-36OrEOjI7yj9Oim_pghb4-rT-J7&sz=w500,,cubao,https://drive.google.com/uc?export=download&id=1Y6hn-36OrEOjI7yj9Oim_pghb4-rT-J7,Site Development Plan & Floor Plan\Building Floor Plan\Residential Floor Plan\3-8th Floor Combine Unit
3rd-8th Floor,https://drive.google.com/thumbnail?id=1jN1sIglJfrISVe_-8d7ukZz0vpRH8xvd&sz=w500,,cubao,https://drive.google.com/uc?export=download&id=1jN1sIglJfrISVe_-8d7ukZz0vpRH8xvd,Site Development Plan & Floor Plan\Building Floor Plan\Residential Floor Plan\3-8th Floor
9th-46th Floor Combine Unit,https://drive.google.com/thumbnail?id=1etRQIklhnytG9qxsbP_MgXzm13iwdXL3&sz=w500,,cubao,https://drive.google.com/uc?export=download&id=1etRQIklhnytG9qxsbP_MgXzm13iwdXL3,Site Development Plan & Floor Plan\Building Floor Plan\Residential Floor Plan\9-46th Floor Combine Unit
9th-46th Floor,https://drive.google.com/thumbnail?id=1Yvx7kBA4ZGmwkf1nqYPO9DsYzk_Vq6bj&sz=w500,,cubao,https://drive.google.com/uc?export=download&id=1Yvx7kBA4ZGmwkf1nqYPO9DsYzk_Vq6bj,Site Development Plan & Floor Plan\Building Floor Plan\Residential Floor Plan\9-46th Floor
1 Bedroom 26.12,https://drive.google.com/thumbnail?id=1gbSj3Nle9HW4jeRbLS7JmhOxLn7jIXGG&sz=w500,,cubao,https://drive.google.com/uc?export=download&id=1gbSj3Nle9HW4jeRbLS7JmhOxLn7jIXGG,Site Development Plan & Floor Plan\Unit Layout\1 Bedroom 26.12
1 Bedroom 27.89,https://drive.google.com/thumbnail?id=1RrmqpdJ0y3BDJMZf3IE6Ys_R5cbp9YIp&sz=w500,,cubao,https://drive.google.com/uc?export=download&id=1RrmqpdJ0y3BDJMZf3IE6Ys_R5cbp9YIp,Site Development Plan & Floor Plan\Unit Layout\1 Bedroom 27.89
1 Bedroom 28.32,https://drive.google.com/thumbnail?id=1vlgHZP1XocnkcHJBeaS3E7ocAzaNJxbq&sz=w500,,cubao,https://drive.google.com/uc?export=download&id=1vlgHZP1XocnkcHJBeaS3E7ocAzaNJxbq,Site Development Plan & Floor Plan\Unit Layout\1 Bedroom 28.32
1 Bedroom Unit Layout,https://drive.google.com/thumbnail?id=1-VqYtzzOknvMH4NL6T4lArxkaA1zV7Tx&sz=w500,,cubao,https://drive.google.com/uc?export=download&id=1-VqYtzzOknvMH4NL6T4lArxkaA1zV7Tx,Site Development Plan & Floor Plan\Unit Layout\1 Bedroom Unit Layout
Studio Unit 12.12,https://drive.google.com/thumbnail?id=1z9Zb4awc8kjRq4uRig8_XXMVXrZW4FUY&sz=w500,,cubao,https://drive.google.com/uc?export=download&id=1z9Zb4awc8kjRq4uRig8_XXMVXrZW4FUY,Site Development Plan & Floor Plan\Unit Layout\Studio Unit 12.12
Studio Unit 12.25,https://drive.google.com/thumbnail?id=1sUk1NRYvGAOBSJGhJ2PEwBtUaxrhNjPZ&sz=w500,,cubao,https://drive.google.com/uc?export=download&id=1sUk1NRYvGAOBSJGhJ2PEwBtUaxrhNjPZ,Site Development Plan & Floor Plan\Unit Layout\Studio Unit 12.25
Studio Unit 12.43,https://drive.google.com/thumbnail?id=1lStk8ud7vCT9LU9dWqimhlf2Lt7U0ZiQ&sz=w500,,cubao,https://drive.google.com/uc?export=download&id=1lStk8ud7vCT9LU9dWqimhlf2Lt7U0ZiQ,Site Development Plan & Floor Plan\Unit Layout\Studio Unit 12.43
Studio Unit 12.47,https://drive.google.com/thumbnail?id=18for0EdJvG6GZzP277C8_pIOsqvA_6YY&sz=w500,,cubao,https://drive.google.com/uc?export=download&id=18for0EdJvG6GZzP277C8_pIOsqvA_6YY,Site Development Plan & Floor Plan\Unit Layout\Studio Unit 12.47
Studio Unit 12.56,https://drive.google.com/thumbnail?id=1huf4mn3aeLzJ8t5lxcJsMKxmuJVUFjd0&sz=w500,,cubao,https://drive.google.com/uc?export=download&id=1huf4mn3aeLzJ8t5lxcJsMKxmuJVUFjd0,Site Development Plan & Floor Plan\Unit Layout\Studio Unit 12.56
Studio Unit 13.06,https://drive.google.com/thumbnail?id=1zSc5PRyLzs9xKo-Xh_0ccKyPJjhkrRxJ&sz=w500,,cubao,https://drive.google.com/uc?export=download&id=1zSc5PRyLzs9xKo-Xh_0ccKyPJjhkrRxJ,Site Development Plan & Floor Plan\Unit Layout\Studio Unit 13.06
Studio Unit 13.34,https://drive.google.com/thumbnail?id=1bNuBQhLRIxV7QrOQ7aFko67pEmETANMS&sz=w500,,cubao,https://drive.google.com/uc?export=download&id=1bNuBQhLRIxV7QrOQ7aFko67pEmETANMS,Site Development Plan & Floor Plan\Unit Layout\Studio Unit 13.34
Studio Unit 13.67,https://drive.google.com/thumbnail?id=1Zw6r0e6NMXFzm4bpdPej3am6Dtct7UPm&sz=w500,,cubao,https://drive.google.com/uc?export=download&id=1Zw6r0e6NMXFzm4bpdPej3am6Dtct7UPm,Site Development Plan & Floor Plan\Unit Layout\Studio Unit 13.67
Studio Unit 13.82,https://drive.google.com/thumbnail?id=10ysa0EkvgQzq-GHcAvOYRx1Ko9ajTy4m&sz=w500,,cubao,https://drive.google.com/uc?export=download&id=10ysa0EkvgQzq-GHcAvOYRx1Ko9ajTy4m,Site Development Plan & Floor Plan\Unit Layout\Studio Unit 13.82
Studio Unit 14.16,https://drive.google.com/thumbnail?id=1NAGD89YnYwpZ8twDnsm0ktgQTWs3S_Ro&sz=w500,,cubao,https://drive.google.com/uc?export=download&id=1NAGD89YnYwpZ8twDnsm0ktgQTWs3S_Ro,Site Development Plan & Floor Plan\Unit Layout\Studio Unit 14.16
Studio Unit Layout,https://drive.google.com/thumbnail?id=1cgDTqBrnRjTqMhgaxbBSGdLK3d5ZCaBf&sz=w500,,cubao,https://drive.google.com/uc?export=download&id=1cgDTqBrnRjTqMhgaxbBSGdLK3d5ZCaBf,Site Development Plan & Floor Plan\Unit Layout\Studio Unit Layout
comparison of 8990 Holdings to other developers.webp,https://drive.google.com/thumbnail?id=1l5mcPaEFpXlEC99nv5ARLjhPiX9at0BG&sz=w500,,ortigas,https://drive.google.com/uc?export=download&id=1l5mcPaEFpXlEC99nv5ARLjhPiX9at0BG,comparison of 8990 Holdings to other developers
deliverable unit,https://drive.google.com/thumbnail?id=1winl8G_nPsTouzNYmgvulDBUuqN1pLaz&sz=w500,,ortigas,https://drive.google.com/uc?export=download&id=1winl8G_nPsTouzNYmgvulDBUuqN1pLaz,img105
requirement for occupancy,https://drive.google.com/thumbnail?id=1qqCCAbbJSZraVE_cH_3JSsdK7hzSn0Rk&sz=w500,,ortigas,https://drive.google.com/uc?export=download&id=1qqCCAbbJSZraVE_cH_3JSsdK7hzSn0Rk,img109
utilities and condo dues,https://drive.google.com/thumbnail?id=10QTRlkEdVziz00jsgrHQ5uXtybXXON9A&sz=w500,,ortigas,https://drive.google.com/uc?export=download&id=10QTRlkEdVziz00jsgrHQ5uXtybXXON9A,img113
pets,https://drive.google.com/thumbnail?id=1gVktfORmBt1_iAp6fa0ZOs6IqpbH4vNg&sz=w500,,ortigas,https://drive.google.com/uc?export=download&id=1gVktfORmBt1_iAp6fa0ZOs6IqpbH4vNg,img117
floor plan,https://drive.google.com/thumbnail?id=1YEu3WrL1JXKpvdwV5Pzt8Xmp5pr_vPv6&sz=w500,,ortigas,https://drive.google.com/uc?export=download&id=1YEu3WrL1JXKpvdwV5Pzt8Xmp5pr_vPv6,img126
unit layout & floor plan 2BR-A,https://drive.google.com/thumbnail?id=13oDg5P2Kg2tG-m4fuXAhRYd6XM85mi3L&sz=w500,,ortigas,https://drive.google.com/uc?export=download&id=13oDg5P2Kg2tG-m4fuXAhRYd6XM85mi3L,img135
unit layout & floor plan 2BR-B,https://drive.google.com/thumbnail?id=1pIIKKvdg8YemCpwjawMqFQPbZOithPqk&sz=w500,,ortigas,https://drive.google.com/uc?export=download&id=1pIIKKvdg8YemCpwjawMqFQPbZOithPqk,img139
unit layout & floor plan 2BR-C,https://drive.google.com/thumbnail?id=1YMxlTSbN9h0j-96ygh3JcuyISqo45CuN&sz=w500,,ortigas,https://drive.google.com/uc?export=download&id=1YMxlTSbN9h0j-96ygh3JcuyISqo45CuN,img143
unit layout & floor plan 3BR,https://drive.google.com/thumbnail?id=1zsMFneZUJrqv7ERm4NMM6QUO0vALfhnp&sz=w500,,ortigas,https://drive.google.com/uc?export=download&id=1zsMFneZUJrqv7ERm4NMM6QUO0vALfhnp,img147
dressed up pic,https://drive.google.com/thumbnail?id=1l0P_WIEUnRqnmixYNSWtIZh4zQ0DIQ2K&sz=w500,,ortigas,https://drive.google.com/uc?export=download&id=1l0P_WIEUnRqnmixYNSWtIZh4zQ0DIQ2K,img157
deca projects,https://drive.google.com/thumbnail?id=19T36Ugo0QfbeBLm21KLv8efmWoI0J_rR&sz=w500,,ortigas,https://drive.google.com/uc?export=download&id=19T36Ugo0QfbeBLm21KLv8efmWoI0J_rR,img72
project location,https://drive.google.com/thumbnail?id=1FvxlvHXsS5P1uoJcX0Z3416U8L6zKvNX&sz=w500,,ortigas,https://drive.google.com/uc?export=download&id=1FvxlvHXsS5P1uoJcX0Z3416U8L6zKvNX,img78
map and location,https://drive.google.com/thumbnail?id=12QSsUQCHmEWc5NI3mn0aFY3ya2mx9YYx&sz=w500,,ortigas,https://drive.google.com/uc?export=download&id=12QSsUQCHmEWc5NI3mn0aFY3ya2mx9YYx,map and location
parking sample computation HDMF,https://drive.google.com/thumbnail?id=1MHECXMTzIwBb95r6cPu8p8fGiPvHiPyP&sz=w500,,ortigas,https://drive.google.com/uc?export=download&id=1MHECXMTzIwBb95r6cPu8p8fGiPvHiPyP,parking sample computation HDMF
floor plan,https://drive.google.com/thumbnail?id=1WBjPjJ1EfBc9MjFrp6qJ9TaQ6Js1WCg0&sz=w500,,ortigas,https://drive.google.com/uc?export=download&id=1WBjPjJ1EfBc9MjFrp6qJ9TaQ6Js1WCg0,ORTIGAS PRESENTATION_pages-to-jpg-0005
other fees - water electricity mri fire,https://drive.google.com/thumbnail?id=18wxZWrISXAwh0v4IfHNM0T1XqRsNFjJQ&sz=w500,,ortigas,https://drive.google.com/uc?export=download&id=18wxZWrISXAwh0v4IfHNM0T1XqRsNFjJQ,ORTIGAS PRESENTATION_pages-to-jpg-0012
mode of payments,https://drive.google.com/thumbnail?id=1HvFviLlc_Sy4nb1diEdhML3GkcZWJjEt&sz=w500,,ortigas,https://drive.google.com/uc?export=download&id=1HvFviLlc_Sy4nb1diEdhML3GkcZWJjEt,ORTIGAS PRESENTATION_pages-to-jpg-0013
deca projects,https://drive.google.com/thumbnail?id=1qIdlLvSOVI9XrelDqpt5SDx2RGtdbN5v&sz=w500,,ortigas,https://drive.google.com/uc?export=download&id=1qIdlLvSOVI9XrelDqpt5SDx2RGtdbN5v,PKS -2025_pages-to-jpg-0005
amenities all,https://drive.google.com/thumbnail?id=19deFKsBXx69uQFlTtbeeCOGn7b-2aXjT&sz=w500,,ortigas,https://drive.google.com/uc?export=download&id=19deFKsBXx69uQFlTtbeeCOGn7b-2aXjT,PKS -2025_pages-to-jpg-0009
utilities and condo dues,https://drive.google.com/thumbnail?id=19Fe0G7cA_EJhRyvI7Ova3RWOJAcnobhW&sz=w500,,ortigas,https://drive.google.com/uc?export=download&id=19Fe0G7cA_EJhRyvI7Ova3RWOJAcnobhW,PKS -2025_pages-to-jpg-0012
pets,https://drive.google.com/thumbnail?id=1-GxQ2WYb5ypEXVsYQaUKLr7C7EiqWE-o&sz=w500,,ortigas,https://drive.google.com/uc?export=download&id=1-GxQ2WYb5ypEXVsYQaUKLr7C7EiqWE-o,PKS -2025_pages-to-jpg-0013
typical floor plan,https://drive.google.com/thumbnail?id=10DeQq9-CXwH7QDUfpEFFjpI0Q6Cj5LO9&sz=w500,,ortigas,https://drive.google.com/uc?export=download&id=10DeQq9-CXwH7QDUfpEFFjpI0Q6Cj5LO9,PKS -2025_pages-to-jpg-0015
2BR-A floor plan and layout,https://drive.google.com/thumbnail?id=1QdNnM6oyzJ7EJvAUg3WQeluII31cBGRo&sz=w500,,ortigas,https://drive.google.com/uc?export=download&id=1QdNnM6oyzJ7EJvAUg3WQeluII31cBGRo,PKS -2025_pages-to-jpg-0017
how to qualify age,https://drive.google.com/thumbnail?id=197Kx8CCK2tUSUctYHp4c4P9dslhWfofO&sz=w500,,ortigas,https://drive.google.com/uc?export=download&id=197Kx8CCK2tUSUctYHp4c4P9dslhWfofO,PKS -2025_pages-to-jpg-0018
2BR-B floor plan and layout,https://drive.google.com/thumbnail?id=1oV2PLRQAFErGRmJ6mmdJEwjMa6qLz3ML&sz=w500,,ortigas,https://drive.google.com/uc?export=download&id=1oV2PLRQAFErGRmJ6mmdJEwjMa6qLz3ML,PKS -2025_pages-to-jpg-0019
2BR-C floor plan and layout,https://drive.google.com/thumbnail?id=1zg3fyOXNI0ZjH7blO3A1m1OLsKPat-67&sz=w500,,ortigas,https://drive.google.com/uc?export=download&id=1zg3fyOXNI0ZjH7blO3A1m1OLsKPat-67,PKS -2025_pages-to-jpg-0020
3BR floor plan and layout,https://drive.google.com/thumbnail?id=1iQsyEWWfOMqUrcK_YMNmcFDm4nq6WEU_&sz=w500,,ortigas,https://drive.google.com/uc?export=download&id=1iQsyEWWfOMqUrcK_YMNmcFDm4nq6WEU_,PKS -2025_pages-to-jpg-0022
how to qualify income,https://drive.google.com/thumbnail?id=11sVgHpfnR7Fe8JvPDIcGPhNERR5soOuj&sz=w500,,ortigas,https://drive.google.com/uc?export=download&id=11sVgHpfnR7Fe8JvPDIcGPhNERR5soOuj,PKS -2025_pages-to-jpg-0023
payment terms,https://drive.google.com/thumbnail?id=122vpi4cdAB4yXX0PQaQh5b6woIUKoYXn&sz=w500,,ortigas,https://drive.google.com/uc?export=download&id=122vpi4cdAB4yXX0PQaQh5b6woIUKoYXn,PKS -2025_pages-to-jpg-0025
payment terms,https://drive.google.com/thumbnail?id=1_xUPRaw76bF5StsrJVXMfGjbwSip7_tU&sz=w500,,ortigas,https://drive.google.com/uc?export=download&id=1_xUPRaw76bF5StsrJVXMfGjbwSip7_tU,PKS -2025_pages-to-jpg-0029
sample computation best seller unit 2 br 30.6,https://drive.google.com/thumbnail?id=18FbeewlETzwfrqVS-4GeAGgsbY4E59h1&sz=w500,,ortigas,https://drive.google.com/uc?export=download&id=18FbeewlETzwfrqVS-4GeAGgsbY4E59h1,sample computation best seller unit 2 br 30.6
site devt plan pic,https://drive.google.com/thumbnail?id=1bMbqXKHx7Z2XNDUAjiy2eqWDoFagkbbi&sz=w500,,ortigas,https://drive.google.com/uc?export=download&id=1bMbqXKHx7Z2XNDUAjiy2eqWDoFagkbbi,site devt plan pic
amenities-basketball courts,https://drive.google.com/thumbnail?id=13J8A_4gp9eU-M86XutkZdYubwZrCZiqf&sz=w500,,ortigas,https://drive.google.com/uc?export=download&id=13J8A_4gp9eU-M86XutkZdYubwZrCZiqf,amenities\amenities-basketball courts
amenities-childrens playground,https://drive.google.com/thumbnail?id=1d_5u7KrtkbZ8AxfjbdD3NlPF9Fuvj8s0&sz=w500,,ortigas,https://drive.google.com/uc?export=download&id=1d_5u7KrtkbZ8AxfjbdD3NlPF9Fuvj8s0,amenities\amenities-childrens playground
amenities-community mall,https://drive.google.com/thumbnail?id=119hOA71SgDsPMFNSCH0Dn3GVsUMUIcod&sz=w500,,ortigas,https://drive.google.com/uc?export=download&id=119hOA71SgDsPMFNSCH0Dn3GVsUMUIcod,amenities\amenities-community mall
amenities-function halls clubhouse,https://drive.google.com/thumbnail?id=1pQTSokP_p91picwJz7DnsFYMKnA9rHyv&sz=w500,,ortigas,https://drive.google.com/uc?export=download&id=1pQTSokP_p91picwJz7DnsFYMKnA9rHyv,amenities\amenities-function halls clubhouse
amenities-outdoor gym,https://drive.google.com/thumbnail?id=17osQPHFiKGLE0W0wE8ynQZjIp3J5AC1T&sz=w500,,ortigas,https://drive.google.com/uc?export=download&id=17osQPHFiKGLE0W0wE8ynQZjIp3J5AC1T,amenities\amenities-outdoor gym
amenities-water feature_lagoon,https://drive.google.com/thumbnail?id=1KNcb3Zsn3qD8ZBvECfhs6LlSMBbJPDvK&sz=w500,,ortigas,https://drive.google.com/uc?export=download&id=1KNcb3Zsn3qD8ZBvECfhs6LlSMBbJPDvK,amenities\amenities-water feature_lagoon
2BR-A 35.57 sqm (Outer) K & L bank computation,https://drive.google.com/thumbnail?id=1TdZb56uY6Hi_03x52VmVGaQhaqjJch5F&sz=w500,,ortigas,https://drive.google.com/uc?export=download&id=1TdZb56uY6Hi_03x52VmVGaQhaqjJch5F,BANKS\2BR-A 35.57 sqm (Outer) K & L bank computation
2BR-A 35.57 sqm (Outer) M N O P Q R bank computation,https://drive.google.com/thumbnail?id=11Teixeewv2lRET78nIARH42tDHXHuKsz&sz=w500,,ortigas,https://drive.google.com/uc?export=download&id=11Teixeewv2lRET78nIARH42tDHXHuKsz,BANKS\2BR-A 35.57 sqm (Outer) M N O P Q R bank computation
2BR-B 30.60 sqm (Inner) K & L bank computation,https://drive.google.com/thumbnail?id=1V4WiPg_6pZKay0TOuvQ1hfKko-h0JDLG&sz=w500,,ortigas,https://drive.google.com/uc?export=download&id=1V4WiPg_6pZKay0TOuvQ1hfKko-h0JDLG,BANKS\2BR-B 30.60 sqm (Inner) K & L bank computation
2BR-B 30.60 sqm (Inner) M N O P Q R bank computation,https://drive.google.com/thumbnail?id=1Z-xUhnamuqYIJWzQVwAPh-nsaTT_0vuQ&sz=w500,,ortigas,https://drive.google.com/uc?export=download&id=1Z-xUhnamuqYIJWzQVwAPh-nsaTT_0vuQ,BANKS\2BR-B 30.60 sqm (Inner) M N O P Q R bank computation
2BR-B 30.60 sqm (Outer) K & L bank computation,https://drive.google.com/thumbnail?id=1LHPYBP5XmzDzfgsdXZQLm-vm0Vmnv8yO&sz=w500,,ortigas,https://drive.google.com/uc?export=download&id=1LHPYBP5XmzDzfgsdXZQLm-vm0Vmnv8yO,BANKS\2BR-B 30.60 sqm (Outer) K & L bank computation
2BR-B 30.60 sqm (Outer) M N O P Q R bank computation,https://drive.google.com/thumbnail?id=11y3t5i928JTWTTUxp7nrZu_NUzm9lHyn&sz=w500,,ortigas,https://drive.google.com/uc?export=download&id=11y3t5i928JTWTTUxp7nrZu_NUzm9lHyn,BANKS\2BR-B 30.60 sqm (Outer) M N O P Q R bank computation
2BR-C 35.57 sqm (Inner) K & L bank computation,https://drive.google.com/thumbnail?id=1sBoMVZSiKqunuElgTCI9-j1DwfhIHCOu&sz=w500,,ortigas,https://drive.google.com/uc?export=download&id=1sBoMVZSiKqunuElgTCI9-j1DwfhIHCOu,BANKS\2BR-C 35.57 sqm (Inner) K & L bank computation
2BR-C 35.57 sqm (Inner) M N O P Q R bank computation,https://drive.google.com/thumbnail?id=1J6TAdkCvHjuiy3Wv4PfNj9Z2OvzXaao-&sz=w500,,ortigas,https://drive.google.com/uc?export=download&id=1J6TAdkCvHjuiy3Wv4PfNj9Z2OvzXaao-,BANKS\2BR-C 35.57 sqm (Inner) M N O P Q R bank computation
3BR-AC 42.07 SQM K & L bank computation,https://drive.google.com/thumbnail?id=1lO3dlO8HtcIt6W4nZcdxINei2GVoD0l2&sz=w500,,ortigas,https://drive.google.com/uc?export=download&id=1lO3dlO8HtcIt6W4nZcdxINei2GVoD0l2,BANKS\3BR-AC 42.07 SQM K & L bank computation
3BR-AC 42.07 SQM M N O P Q R bank computation,https://drive.google.com/thumbnail?id=1_LZjTxQA7kcD6X9nLts60HFRqNZSARb7&sz=w500,,ortigas,https://drive.google.com/uc?export=download&id=1_LZjTxQA7kcD6X9nLts60HFRqNZSARb7,BANKS\3BR-AC 42.07 SQM M N O P Q R bank computation
bathroom dressed up image,https://drive.google.com/thumbnail?id=1Uh0iEYcDtHUGRHNmXcaoixzNU3v8x6Qp&sz=w500,,ortigas,https://drive.google.com/uc?export=download&id=1Uh0iEYcDtHUGRHNmXcaoixzNU3v8x6Qp,dressed up room\bathroom dressed up image
bedroom dressed up image 2,https://drive.google.com/thumbnail?id=1N1ID9bTEetD73AtgujG6VOFEPxiU0x57&sz=w500,,ortigas,https://drive.google.com/uc?export=download&id=1N1ID9bTEetD73AtgujG6VOFEPxiU0x57,dressed up room\bedroom dressed up image 2
bedroom dressed up image 3,https://drive.google.com/thumbnail?id=1HmbUko6yLWSG7gddekC8yRUgNYKw5hQ2&sz=w500,,ortigas,https://drive.google.com/uc?export=download&id=1HmbUko6yLWSG7gddekC8yRUgNYKw5hQ2,dressed up room\bedroom dressed up image 3
bedroom dressed up image,https://drive.google.com/thumbnail?id=1QOcbQnfju-ywOIIimQyXAyZouYrWJNGD&sz=w500,,ortigas,https://drive.google.com/uc?export=download&id=1QOcbQnfju-ywOIIimQyXAyZouYrWJNGD,dressed up room\bedroom dressed up image
kitchen dressed up image,https://drive.google.com/thumbnail?id=1XIq3flikZmtrP1dH3EWDT3SVLd5VMkYp&sz=w500,,ortigas,https://drive.google.com/uc?export=download&id=1XIq3flikZmtrP1dH3EWDT3SVLd5VMkYp,dressed up room\kitchen dressed up image
living room dressed up image,https://drive.google.com/thumbnail?id=125SrfXaDrSwLIqA82SQgYwn3yil5DueJ&sz=w500,,ortigas,https://drive.google.com/uc?export=download&id=125SrfXaDrSwLIqA82SQgYwn3yil5DueJ,dressed up room\living room dressed up image
BLDG K FLOOR PLAN,https://drive.google.com/thumbnail?id=1WkALIbNIXrzI3iHxA_MGUexPSaNdYbDx&sz=w500,,ortigas,https://drive.google.com/uc?export=download&id=1WkALIbNIXrzI3iHxA_MGUexPSaNdYbDx,FLOOR PLAN PER BLDG\BLDG K FLOOR PLAN
BLDG L FLOOR PLAN,https://drive.google.com/thumbnail?id=1ORASdA-rOfzrYx3IN2H3GhBSH-_OwqeL&sz=w500,,ortigas,https://drive.google.com/uc?export=download&id=1ORASdA-rOfzrYx3IN2H3GhBSH-_OwqeL,FLOOR PLAN PER BLDG\BLDG L FLOOR PLAN
BLDG M FLOOR PLAN,https://drive.google.com/thumbnail?id=1zPWmruAEQZx1vjWA2AFEqL_tu_LczU-y&sz=w500,,ortigas,https://drive.google.com/uc?export=download&id=1zPWmruAEQZx1vjWA2AFEqL_tu_LczU-y,FLOOR PLAN PER BLDG\BLDG M FLOOR PLAN
BLDG N FLOOR PLAN,https://drive.google.com/thumbnail?id=1aiSzwGGySU-QRD9kfgs_vZHD52YK9Rxg&sz=w500,,ortigas,https://drive.google.com/uc?export=download&id=1aiSzwGGySU-QRD9kfgs_vZHD52YK9Rxg,FLOOR PLAN PER BLDG\BLDG N FLOOR PLAN
BLDG O FLOOR PLAN,https://drive.google.com/thumbnail?id=1UwC5TE4aU5YsjN87JmpkjmEZMb9p4OT9&sz=w500,,ortigas,https://drive.google.com/uc?export=download&id=1UwC5TE4aU5YsjN87JmpkjmEZMb9p4OT9,FLOOR PLAN PER BLDG\BLDG O FLOOR PLAN
BLDG P FLOOR PLAN,https://drive.google.com/thumbnail?id=1VOn6zEUs_HPS2BO55hDFQo0o5VREyew2&sz=w500,,ortigas,https://drive.google.com/uc?export=download&id=1VOn6zEUs_HPS2BO55hDFQo0o5VREyew2,FLOOR PLAN PER BLDG\BLDG P FLOOR PLAN
BLDG Q FLOOR PLAN,https://drive.google.com/thumbnail?id=1WN8b8gsHy5D9odr_G33qtAuaNJdJnzyg&sz=w500,,ortigas,https://drive.google.com/uc?export=download&id=1WN8b8gsHy5D9odr_G33qtAuaNJdJnzyg,FLOOR PLAN PER BLDG\BLDG Q FLOOR PLAN
BLDG R FLOOR PLAN,https://drive.google.com/thumbnail?id=1pdTTGNps5hyX202P7eBUxoowkrSur1g1&sz=w500,,ortigas,https://drive.google.com/uc?export=download&id=1pdTTGNps5hyX202P7eBUxoowkrSur1g1,FLOOR PLAN PER BLDG\BLDG R FLOOR PLAN
2BR- A 35.57 sqm (Outer) M N O P Q R PAG-IBIG computation,https://drive.google.com/thumbnail?id=1c3RgOHuY0yPxIMaxcsjZjX0mjNrnLxgq&sz=w500,,ortigas,https://drive.google.com/uc?export=download&id=1c3RgOHuY0yPxIMaxcsjZjX0mjNrnLxgq,HDMF\2BR- A 35.57 sqm (Outer) M N O P Q R PAG-IBIG computation
2BR-A 35.57 sqm (Outer) K & L PAG-IBIG computation,https://drive.google.com/thumbnail?id=1pSzRXhIOdxdYIsMv5i17N5PyMBBDfvit&sz=w500,,ortigas,https://drive.google.com/uc?export=download&id=1pSzRXhIOdxdYIsMv5i17N5PyMBBDfvit,HDMF\2BR-A 35.57 sqm (Outer) K & L PAG-IBIG computation
2BR-B 30.60 sqm (Inner) K & L PAG-IBIG computation,https://drive.google.com/thumbnail?id=1AHRNYBi1VJwVw_XGmlVdZUSg6_nOuj_v&sz=w500,,ortigas,https://drive.google.com/uc?export=download&id=1AHRNYBi1VJwVw_XGmlVdZUSg6_nOuj_v,HDMF\2BR-B 30.60 sqm (Inner) K & L PAG-IBIG computation
2BR-B 30.60 sqm (Inner) M N O P Q R PAG-IBIG computation,https://drive.google.com/thumbnail?id=1IaO4aR2V3o55d5SECmpUGNnzr9ug3Zln&sz=w500,,ortigas,https://drive.google.com/uc?export=download&id=1IaO4aR2V3o55d5SECmpUGNnzr9ug3Zln,HDMF\2BR-B 30.60 sqm (Inner) M N O P Q R PAG-IBIG computation
2BR-B 30.60 sqm (Outer) K & L PAG-IBIG computation,https://drive.google.com/thumbnail?id=1oJJQhWmYrN6WELDi88ZzVZDcZXZE6P4V&sz=w500,,ortigas,https://drive.google.com/uc?export=download&id=1oJJQhWmYrN6WELDi88ZzVZDcZXZE6P4V,HDMF\2BR-B 30.60 sqm (Outer) K & L PAG-IBIG computation
2BR-B 30.60 sqm (Outer) M N O P Q R PAG-IBIG computation,https://drive.google.com/thumbnail?id=1qXgR-6g_mI6LWdTPmw1rf0o02g0QZ-Ze&sz=w500,,ortigas,https://drive.google.com/uc?export=download&id=1qXgR-6g_mI6LWdTPmw1rf0o02g0QZ-Ze,HDMF\2BR-B 30.60 sqm (Outer) M N O P Q R PAG-IBIG computation
2BR-C 35.57 sqm (Inner) K & L PAG-IBIG computation,https://drive.google.com/thumbnail?id=1rYdn3ZjpdPQn0tyfYU40l3qWc8A-IP6I&sz=w500,,ortigas,https://drive.google.com/uc?export=download&id=1rYdn3ZjpdPQn0tyfYU40l3qWc8A-IP6I,HDMF\2BR-C 35.57 sqm (Inner) K & L PAG-IBIG computation
2BR-C 35.57 sqm (Inner) M N O P Q R PAG-IBIG computation,https://drive.google.com/thumbnail?id=1f96ikEijjQg6eg72wmDrdFT4N6RXBGTl&sz=w500,,ortigas,https://drive.google.com/uc?export=download&id=1f96ikEijjQg6eg72wmDrdFT4N6RXBGTl,HDMF\2BR-C 35.57 sqm (Inner) M N O P Q R PAG-IBIG computation
3BR-AC 42.70 sqm K & L PAG-IBIG computation,https://drive.google.com/thumbnail?id=1b_B5fpk3Gk1yMpqdFeOS9uiqAumX6Ktt&sz=w500,,ortigas,https://drive.google.com/uc?export=download&id=1b_B5fpk3Gk1yMpqdFeOS9uiqAumX6Ktt,HDMF\3BR-AC 42.70 sqm K & L PAG-IBIG computation
3BR-AC 42.70 sqm M N O P Q R PAG-IBIG computation,https://drive.google.com/thumbnail?id=1kYm2khJtzyor9sVEok5Dw_xh9ngEVRhZ&sz=w500,,ortigas,https://drive.google.com/uc?export=download&id=1kYm2khJtzyor9sVEok5Dw_xh9ngEVRhZ,HDMF\3BR-AC 42.70 sqm M N O P Q R PAG-IBIG computation
2BR-A 35.57 sqm (Outer),https://drive.google.com/thumbnail?id=1wHvC5fHL1fmnRNJvX8ZGc_kPciek9jYz&sz=w500,,ortigas,https://drive.google.com/uc?export=download&id=1wHvC5fHL1fmnRNJvX8ZGc_kPciek9jYz,layout units\2BR-A 35.57 sqm (Outer)
2BR-B 30.60 sqm,https://drive.google.com/thumbnail?id=1GX80G8k2lBq9VklwXVKxnO5E67ZysaSJ&sz=w500,,ortigas,https://drive.google.com/uc?export=download&id=1GX80G8k2lBq9VklwXVKxnO5E67ZysaSJ,layout units\2BR-B 30.60 sqm
2BR-C 35.57 sqm (Inner),https://drive.google.com/thumbnail?id=1njiF6iuUWdWonhPRBfXPIsykfQSZSkvu&sz=w500,,ortigas,https://drive.google.com/uc?export=download&id=1njiF6iuUWdWonhPRBfXPIsykfQSZSkvu,layout units\2BR-C 35.57 sqm (Inner)
3BR-AC 42.07 sqm,https://drive.google.com/thumbnail?id=1XPB1oEBP0SSfxwPwpo-lGOUH9fL8Y9YQ&sz=w500,,ortigas,https://drive.google.com/uc?export=download&id=1XPB1oEBP0SSfxwPwpo-lGOUH9fL8Y9YQ,layout units\3BR-AC 42.07 sqm
business banks,https://drive.google.com/thumbnail?id=1MwJCVqVZTI9yRV6ABgBVMBpNxDkAl9KW&sz=w500,,ortigas,https://drive.google.com/uc?export=download&id=1MwJCVqVZTI9yRV6ABgBVMBpNxDkAl9KW,REQUIREMENTS\BANKS\business banks
locally banks,https://drive.google.com/thumbnail?id=1uPSHirXIcq0BC3JlqG9kIn2UfVZ6pNlW&sz=w500,,ortigas,https://drive.google.com/uc?export=download&id=1uPSHirXIcq0BC3JlqG9kIn2UfVZ6pNlW,REQUIREMENTS\BANKS\locally banks
ofw banks,https://drive.google.com/thumbnail?id=1P-QeQFeO1CaweLZrRLLNxa9TUbAS-ULR&sz=w500,,ortigas,https://drive.google.com/uc?export=download&id=1P-QeQFeO1CaweLZrRLLNxa9TUbAS-ULR,REQUIREMENTS\BANKS\ofw banks
self employed banks,https://drive.google.com/thumbnail?id=1PI8tPkoPMYWIly2yGfuyFt6dzhmC1UDX&sz=w500,,ortigas,https://drive.google.com/uc?export=download&id=1PI8tPkoPMYWIly2yGfuyFt6dzhmC1UDX,REQUIREMENTS\BANKS\self employed banks
business hdmf,https://drive.google.com/thumbnail?id=1msf1hX8SotbCeVrnUr8YLDYa-ApZJ1BT&sz=w500,,ortigas,https://drive.google.com/uc?export=download&id=1msf1hX8SotbCeVrnUr8YLDYa-ApZJ1BT,REQUIREMENTS\HDMF\business hdmf
locally hdmf,https://drive.google.com/thumbnail?id=1D9py8hqxAxEvkS7YINOzkaXrNfU_89RW&sz=w500,,ortigas,https://drive.google.com/uc?export=download&id=1D9py8hqxAxEvkS7YINOzkaXrNfU_89RW,REQUIREMENTS\HDMF\locally hdmf
OFW hdmf,https://drive.google.com/thumbnail?id=1QaHCjunc2934Pcr98maBqxJrw0JTbCFJ&sz=w500,,ortigas,https://drive.google.com/uc?export=download&id=1QaHCjunc2934Pcr98maBqxJrw0JTbCFJ,REQUIREMENTS\HDMF\OFW hdmf
self employed VA hdmf,https://drive.google.com/thumbnail?id=1Ze61xdUMLC9-KpGbeDBed4P6b4jaRl5x&sz=w500,,ortigas,https://drive.google.com/uc?export=download&id=1Ze61xdUMLC9-KpGbeDBed4P6b4jaRl5x,REQUIREMENTS\HDMF\self employed VA hdmf
unit 2br (2),https://drive.google.com/thumbnail?id=1RkSB1VVigttaOVOPV-FL7_pzUY0ldsD9&sz=w500,,ortigas,https://drive.google.com/uc?export=download&id=1RkSB1VVigttaOVOPV-FL7_pzUY0ldsD9,UNITS\unit 2br (2)
unit 2br,https://drive.google.com/thumbnail?id=1-T6zITScVJN-ptdpSXSZbr0FbpISeoik&sz=w500,,ortigas,https://drive.google.com/uc?export=download&id=1-T6zITScVJN-ptdpSXSZbr0FbpISeoik,UNITS\unit 2br
unit br (2),https://drive.google.com/thumbnail?id=17xgQcdmhuIjZZ_q1fU7OmqkXs0MXd-dY&sz=w500,,ortigas,https://drive.google.com/uc?export=download&id=17xgQcdmhuIjZZ_q1fU7OmqkXs0MXd-dY,UNITS\unit br (2)
unit br (3),https://drive.google.com/thumbnail?id=1lbi3oxm75T4uUtRZT0uIfgSL7-By3eYJ&sz=w500,,ortigas,https://drive.google.com/uc?export=download&id=1lbi3oxm75T4uUtRZT0uIfgSL7-By3eYJ,UNITS\unit br (3)
unit br (4),https://drive.google.com/thumbnail?id=12O_vZOS47vb8qHotgu4pnFalKT-cWINY&sz=w500,,ortigas,https://drive.google.com/uc?export=download&id=12O_vZOS47vb8qHotgu4pnFalKT-cWINY,UNITS\unit br (4)
unit br (5),https://drive.google.com/thumbnail?id=1MZeLv8JhABGT__k4BVQDHHkUEiCq8kYg&sz=w500,,ortigas,https://drive.google.com/uc?export=download&id=1MZeLv8JhABGT__k4BVQDHHkUEiCq8kYg,UNITS\unit br (5)
unit br,https://drive.google.com/thumbnail?id=1qBDfuFLNRol1kL-RnsvsmH4AD4mJ3m0o&sz=w500,,ortigas,https://drive.google.com/uc?export=download&id=1qBDfuFLNRol1kL-RnsvsmH4AD4mJ3m0o,UNITS\unit br
unit kitchen dining,https://drive.google.com/thumbnail?id=11ZGmVTXQvuBqFKcC8UINOyyqf_UjtayD&sz=w500,,ortigas,https://drive.google.com/uc?export=download&id=11ZGmVTXQvuBqFKcC8UINOyyqf_UjtayD,UNITS\unit kitchen dining
unit kitchen,https://drive.google.com/thumbnail?id=18WmaSdXq0kkMR0w4yKe3Y962y5xI5Je-&sz=w500,,ortigas,https://drive.google.com/uc?export=download&id=18WmaSdXq0kkMR0w4yKe3Y962y5xI5Je-,UNITS\unit kitchen
unit living area (2),https://drive.google.com/thumbnail?id=1YJcdnKXJUA9QcoftiEr9VuErSIJCwLZ-&sz=w500,,ortigas,https://drive.google.com/uc?export=download&id=1YJcdnKXJUA9QcoftiEr9VuErSIJCwLZ-,UNITS\unit living area (2)
unit living area dining (2),https://drive.google.com/thumbnail?id=1sfiXMFq-bMyaQBnEdVY-82Jq36V-ngwx&sz=w500,,ortigas,https://drive.google.com/uc?export=download&id=1sfiXMFq-bMyaQBnEdVY-82Jq36V-ngwx,UNITS\unit living area dining (2)
unit living area dining,https://drive.google.com/thumbnail?id=1Yo08pqMrDD_F-d5WFpBLWDH8VO_nQ4iE&sz=w500,,ortigas,https://drive.google.com/uc?export=download&id=1Yo08pqMrDD_F-d5WFpBLWDH8VO_nQ4iE,UNITS\unit living area dining
unit living area,https://drive.google.com/thumbnail?id=1-nIwacHiqIq-OuRBTFYOjfUtEkucxEUR&sz=w500,,ortigas,https://drive.google.com/uc?export=download&id=1-nIwacHiqIq-OuRBTFYOjfUtEkucxEUR,UNITS\unit living area
unit toilet and bath (2),https://drive.google.com/thumbnail?id=1r84OlalqgBwYwaOjqTDmIuev75stSoCt&sz=w500,,ortigas,https://drive.google.com/uc?export=download&id=1r84OlalqgBwYwaOjqTDmIuev75stSoCt,UNITS\unit toilet and bath (2)
unit toilet and bath,https://drive.google.com/thumbnail?id=1a2v0CsWx9N0ZPqmBsIBcD8JuJGhi3rk9&sz=w500,,ortigas,https://drive.google.com/uc?export=download&id=1a2v0CsWx9N0ZPqmBsIBcD8JuJGhi3rk9,UNITS\unit toilet and bath
amenities basketball courts,https://drive.google.com/thumbnail?id=1RHT65Yyxa7Uy_BfuwHEg_ZCyX-MazGCk&sz=w500,,ortigas,https://drive.google.com/uc?export=download&id=1RHT65Yyxa7Uy_BfuwHEg_ZCyX-MazGCk,views\amenities basketball courts
amenities childrens playground,https://drive.google.com/thumbnail?id=1td8xi3ogkPP8v_Xyy5GtDiVgzWcg9CZ9&sz=w500,,ortigas,https://drive.google.com/uc?export=download&id=1td8xi3ogkPP8v_Xyy5GtDiVgzWcg9CZ9,views\amenities childrens playground
amenities clubhouse,https://drive.google.com/thumbnail?id=1pM_vH7VMfQP6qFAtr6F7Z5wUZpBcfbR5&sz=w500,,ortigas,https://drive.google.com/uc?export=download&id=1pM_vH7VMfQP6qFAtr6F7Z5wUZpBcfbR5,views\amenities clubhouse
amenities community mall,https://drive.google.com/thumbnail?id=135igu1SuvlZTwb6Xw1goAiotAkZEZls_&sz=w500,,ortigas,https://drive.google.com/uc?export=download&id=135igu1SuvlZTwb6Xw1goAiotAkZEZls_,views\amenities community mall
amenities lagoon,https://drive.google.com/thumbnail?id=13mkpRlvabBjFVh50UB3G-_cUf1IiJz5F&sz=w500,,ortigas,https://drive.google.com/uc?export=download&id=13mkpRlvabBjFVh50UB3G-_cUf1IiJz5F,views\amenities lagoon
amenities outdoor gym,https://drive.google.com/thumbnail?id=11jA0_T_A8l_jH72uCLX8VeRcMUfHFsAp&sz=w500,,ortigas,https://drive.google.com/uc?export=download&id=11jA0_T_A8l_jH72uCLX8VeRcMUfHFsAp,views\amenities outdoor gym
amenities pocket parks,https://drive.google.com/thumbnail?id=1kg7hswIg_lehkiOEcxvnOcDael-Q7Ms8&sz=w500,,ortigas,https://drive.google.com/uc?export=download&id=1kg7hswIg_lehkiOEcxvnOcDael-Q7Ms8,views\amenities pocket parks
information center,https://drive.google.com/thumbnail?id=1MeInpvacKP2q4CG8mBCXM6VtnVeKy6vH&sz=w500,,ortigas,https://drive.google.com/uc?export=download&id=1MeInpvacKP2q4CG8mBCXM6VtnVeKy6vH,views\photo_10@29-03-2025_22-24-24
photo,https://drive.google.com/thumbnail?id=1_EU75wINxFi1rsl1QGCfQoiLSSXwp4eO&sz=w500,,ortigas,https://drive.google.com/uc?export=download&id=1_EU75wINxFi1rsl1QGCfQoiLSSXwp4eO,views\photo_11@29-03-2025_22-24-24
photo,https://drive.google.com/thumbnail?id=1n3SOWnB4Okw6CVbfIPFAjNoh2kBSsksG&sz=w500,,ortigas,https://drive.google.com/uc?export=download&id=1n3SOWnB4Okw6CVbfIPFAjNoh2kBSsksG,views\photo_12@29-03-2025_22-24-24
photo,https://drive.google.com/thumbnail?id=1DgVfx9fuYDBPBbQuozLgkdVU_suW9UCn&sz=w500,,ortigas,https://drive.google.com/uc?export=download&id=1DgVfx9fuYDBPBbQuozLgkdVU_suW9UCn,views\photo_13@29-03-2025_22-24-24
photo,https://drive.google.com/thumbnail?id=1UjM9LkHHsguvh0p7Ijf0_aNFdWowWuLB&sz=w500,,ortigas,https://drive.google.com/uc?export=download&id=1UjM9LkHHsguvh0p7Ijf0_aNFdWowWuLB,views\photo_14@29-03-2025_22-24-24
photo,https://drive.google.com/thumbnail?id=1byE0aihoWYuVysrKAvj5UStR-ADQNGg3&sz=w500,,ortigas,https://drive.google.com/uc?export=download&id=1byE0aihoWYuVysrKAvj5UStR-ADQNGg3,views\photo_15@29-03-2025_22-24-24
photo,https://drive.google.com/thumbnail?id=1ZyDJ1KY0eiOlSbOaOjC-2ix6iG_6Hq1u&sz=w500,,ortigas,https://drive.google.com/uc?export=download&id=1ZyDJ1KY0eiOlSbOaOjC-2ix6iG_6Hq1u,views\photo_16@29-03-2025_22-24-31
photo,https://drive.google.com/thumbnail?id=1bythlONU3okvKNB855LGZhg56SWjkNoj&sz=w500,,ortigas,https://drive.google.com/uc?export=download&id=1bythlONU3okvKNB855LGZhg56SWjkNoj,views\photo_17@29-03-2025_22-24-31
photo,https://drive.google.com/thumbnail?id=1SruQgV3t5ooClg4VYBzaMad1MIOeXW0C&sz=w500,,ortigas,https://drive.google.com/uc?export=download&id=1SruQgV3t5ooClg4VYBzaMad1MIOeXW0C,views\photo_18@29-03-2025_22-24-31
photo,https://drive.google.com/thumbnail?id=1oPd5KXNA3AZgGWaBCoEKyI-vmLqAaJQe&sz=w500,,ortigas,https://drive.google.com/uc?export=download&id=1oPd5KXNA3AZgGWaBCoEKyI-vmLqAaJQe,views\photo_19@29-03-2025_22-24-31
photo,https://drive.google.com/thumbnail?id=1g-Den5SIl3-frBdnU46gh9xxZNOKJAe9&sz=w500,,ortigas,https://drive.google.com/uc?export=download&id=1g-Den5SIl3-frBdnU46gh9xxZNOKJAe9,views\photo_20@29-03-2025_22-24-31
photo,https://drive.google.com/thumbnail?id=1fPHWCkiDj2p8fZyS9MPsp44baqrSM7ts&sz=w500,,ortigas,https://drive.google.com/uc?export=download&id=1fPHWCkiDj2p8fZyS9MPsp44baqrSM7ts,views\photo_21@29-03-2025_22-24-31
photo,https://drive.google.com/thumbnail?id=1KVFV2Vh5wgS3likEhlZy8HGUyCxodvL2&sz=w500,,ortigas,https://drive.google.com/uc?export=download&id=1KVFV2Vh5wgS3likEhlZy8HGUyCxodvL2,views\photo_22@29-03-2025_22-24-31
photo,https://drive.google.com/thumbnail?id=1bbBjGuHseSMiwq0qJkjjtk-bpAKrXzvN&sz=w500,,ortigas,https://drive.google.com/uc?export=download&id=1bbBjGuHseSMiwq0qJkjjtk-bpAKrXzvN,views\photo_23@29-03-2025_22-24-31
photo,https://drive.google.com/thumbnail?id=1WlGtLMDhaUjxudNJP5NWIW78CLOC0Bew&sz=w500,,ortigas,https://drive.google.com/uc?export=download&id=1WlGtLMDhaUjxudNJP5NWIW78CLOC0Bew,views\photo_24@29-03-2025_22-24-31
photo,https://drive.google.com/thumbnail?id=1JAT3rX6y_QN7a5szEnNmavfGiCJTMKCj&sz=w500,,ortigas,https://drive.google.com/uc?export=download&id=1JAT3rX6y_QN7a5szEnNmavfGiCJTMKCj,views\photo_25@29-03-2025_22-24-31
photo,https://drive.google.com/thumbnail?id=1HlmK2UxPZDSWvoc4vc61RItNxAApU2F5&sz=w500,,ortigas,https://drive.google.com/uc?export=download&id=1HlmK2UxPZDSWvoc4vc61RItNxAApU2F5,views\photo_26@29-03-2025_22-24-31
photo,https://drive.google.com/thumbnail?id=1THeOaGCakN62QagsO2MIsPqlcq1GTTIo&sz=w500,,ortigas,https://drive.google.com/uc?export=download&id=1THeOaGCakN62QagsO2MIsPqlcq1GTTIo,views\photo_4@29-03-2025_22-10-32
photo,https://drive.google.com/thumbnail?id=1CyxmnQGC6T2Anf5BhEP4ALvlAzIhmWBb&sz=w500,,ortigas,https://drive.google.com/uc?export=download&id=1CyxmnQGC6T2Anf5BhEP4ALvlAzIhmWBb,views\photo_6@29-03-2025_22-24-24
photo,https://drive.google.com/thumbnail?id=1lqXiRZUhP2vqh0bT90lHiGZkdlK-YqK8&sz=w500,,ortigas,https://drive.google.com/uc?export=download&id=1lqXiRZUhP2vqh0bT90lHiGZkdlK-YqK8,views\photo_7@29-03-2025_22-24-24
photo,https://drive.google.com/thumbnail?id=1agtUy3pgeTibuKMwegIkHzVI6aY5Ogjs&sz=w500,,ortigas,https://drive.google.com/uc?export=download&id=1agtUy3pgeTibuKMwegIkHzVI6aY5Ogjs,views\photo_9@29-03-2025_22-24-24